{
"company" : {
	"companyName" : "A4 Clothing",
	"companyEmail": "a4.clothing@notarealcompany.com",
	"companyPhone" : "(101) 555 1212",
	"companyPhoto" : "a4company.svg"
},
"categories" : [
		{"catid" : 1, "category": "Blouse", "catimg": "blouse.svg"},
		{"catid" : 2,"category": "Boots", "catimg": "boots.svg"},
		{"catid" : 3,"category": "Dress", "catimg": "dress.svg"},		
		{"catid" : 4,"category": "Heels", "catimg": "heels.svg"},
		{"catid" : 5,"category": "Jacket", "catimg": "jacket.svg"},
		{"catid" : 6,"category": "Journal", "catimg": "journal.svg"},		
		{"catid" : 7,"category": "Pants", "catimg": "pants.svg"},
		{"catid" : 8,"category": "Pillow", "catimg": "pillow.svg"},		
		{"catid" : 9,"category": "Sneaker", "catimg": "sneaker.svg"},
    {"catid" : 10,"category": "Sweater", "catimg": "sweater.svg"}
		],
"products": [
    { "ProductID":7631,
      "Category": 8,
      "Name":"On Cloud Nine Pillow",
      "Price":24.99,
      "Brand":"FabDecor",
      "Color":"White",
      "RatingAvg":4.2,
      "InventoryCount":21},
    { "ProductID":7615,
      "Category": 1,
      "Name":"Simply Sweet Blouse",
      "Price":42,
      "Brand":"Entity Apparel",
      "Color":"Rosewood",
      "RatingAvg":4.5,
      "InventoryCount":8},
    { "ProductID":8100,
      "Category": 1,
      "Name":"Uptown Girl Blouse",
      "Price":58,
      "Brand":"Entity Apparel",
      "Color":"Coral",
      "RatingAvg":4.2,
      "InventoryCount":9},
    { "ProductID":6489,
      "Category": 4,
      "Name":"Knock Your Socks Off Lace-Up Heels",
      "Price":38,
      "Brand":"Spark Collective",
      "Color":"Black",
      "RatingAvg":4.9,
      "InventoryCount":19},
    { "ProductID":7732,
      "Category": 10,
      "Name":"My Cup of Tea Sweater",
      "Price":68,
      "Brand":"Enigma Clothes",
      "Color":"White",
      "RatingAvg":4.6,
      "InventoryCount":3},
    { "ProductID":7609,
      "Category": 9,
      "Name":"Walk On Out Slip On Sneakers",
      "Price":34.99,
      "Brand":"Temptation",
      "Color":"Bisque",
      "RatingAvg":3.9,
      "InventoryCount":2},
    { "ProductID":7675,
      "Category": 10,
      "Name":"Warm Hearts Sweater",
      "Price":54.49,
      "Brand":"Legacy Apparel",
      "Color":"Grey",
      "RatingAvg":5,
      "InventoryCount":20},
    { "ProductID":7463,
      "Category": 3,
      "Name":"Silver Lining Dress",
      "Price":62,
      "Brand":"Temptation",
      "Color":"Green",
      "RatingAvg":5,
      "InventoryCount":0},
    { "ProductID":7677,
      "Category": 9,
      "Name":"Follow The Beat Sneakers",
      "Price":32,
      "Brand":"Fusion Fashion",
      "Color":"Leopard",
      "RatingAvg":4.5,
      "InventoryCount":8},
    { "ProductID":8099,
      "Category": 8,
      "Name":"Cup of Joe Pillow",
      "Price":36,
      "Brand":"FabDecor",
      "Color":"Seafoam",
      "RatingAvg":4,
      "InventoryCount":18},
    { "ProductID":7425,
      "Category": 5,
      "Name":"Burst Your Bubble Denim Jacket",
      "Price":84,
      "Brand":"Zigzag Clothing",
      "Color":"Denim",
      "RatingAvg":5,
      "InventoryCount":17},
    { "ProductID":8102,
      "Category": 4,
      "Name":"Walk It Out Heels",
      "Price":32,
      "Brand":"Fusion Fashion",
      "Color":"Black",
      "RatingAvg":4.7,
      "InventoryCount":10},
    { "ProductID":9964,
      "Category": 6,
      "Name":"Word To The Wise Journal",
      "Price":14.95,
      "Brand":"Vintage Home",
      "Color":"Blue",
      "RatingAvg":4,
      "InventoryCount":5},
    { "ProductID":10440,
      "Category": 3,
      "Name":"Basic Beauty Off-The-Shoulder Dress",
      "Price":52,
      "Brand":"Oasis",
      "Color":"Blue",
      "RatingAvg":3.2,
      "InventoryCount":30},
    { "ProductID":6060,
      "Category": 7,
      "Name":"Sunset Boulevard Pants",
      "Price":44,
      "Brand":"Monolith",
      "Color":"White",
      "RatingAvg":3.8,
      "InventoryCount":1},
    { "ProductID":10448,
      "Name":"Across The Pond Boots",
      "Category": 2,
      "Price":74.49,
      "Brand":"Legacy Collective",
      "Color":"Brown",
      "RatingAvg":5,
      "InventoryCount":0},
    { "ProductID":8137,
      "Category": 3,
      "Name":"Once Upon A Time Lace Dress",
      "Price":50,
      "Brand":"Oasis",
      "Color":"White",
      "RatingAvg":5,
      "InventoryCount":0},
    { "ProductID":10018,
      "Category": 3,
      "Name":"Lovey Dovey Maxi Dress",
      "Price":68,
      "Image":"dress4",
      "Brand":"Oasis",
      "Color":"Fuschia",
      "RatingAvg":4.8,
      "InventoryCount":24}
]
}